name,one_liner,website,team_size,batch,location,industry,tags
Stripe,Economic infrastructure for the internet.,http://stripe.com,7000.0,Summer 2009,"San Francisco, CA, USA",Fintech,Banking as a Service; Fintech; SaaS
Deel,The all-in-one HR and payroll platform for global teams,https://www.deel.com/,5000.0,Winter 2019,"San Francisco, CA, USA; Remote",B2B,Fintech; SaaS; B2B; HR Tech; Payroll
Flexport,Platform for global logistics.,https://www.flexport.com/careers/jobs/,3000.0,Winter 2014,"San Francisco, CA, USA",B2B,SaaS; Logistics; Supply Chain
Razorpay,India's only full-stack financial solutions company for businesses.,https://razorpay.com,2700.0,Winter 2015,"Bengaluru, KA, India",Fintech,Banking as a Service; Fintech; Payments; India
Rippling,"One place to run all your HR, IT, and Finance. Globally.",http://rippling.com/,2500.0,Winter 2017,"San Francisco, CA, USA",B2B,HR Tech
Flock Safety,The first public safety operating system that eliminates crime.,http://www.flocksafety.com,1000.0,Summer 2017,"Atlanta, GA, USA",B2B,Hardware; Machine Learning; SaaS
Athelas,"Extensible, Integrated Technology that Simplifies Health Systems",http://athelas.com,1000.0,Summer 2016,"Mountain View, CA, USA",Healthcare,SaaS; Health Tech; Telehealth; Healthcare; AI
Podium,Get more leads. Make more money. ,https://podium.com,1000.0,Winter 2016,"Lehi, UT, USA",B2B,Fintech; SaaS; B2B; AI
Faire,The global online platform empowering independent retail.,https://www.faire.com/,900.0,Winter 2017,"San Francisco, CA, USA",B2B,Marketplace; Retail
Apollo.io,Apollo is the foundation of your entire go-to-market strategy.,https://www.apollo.io/,800.0,Winter 2016,"San Francisco, CA, USA; Remote",B2B,Sales; Marketing
Checkr,People infrastructure for the future of work,http://www.checkr.com,800.0,Summer 2014,"San Francisco, CA, USA",B2B,Artificial Intelligence; Compliance; HR Tech; API; Enterprise Software
Human Interest,The 401(k) for small and medium-sized businesses.,http://humaninterest.com,765.0,Summer 2015,"San Francisco, CA, USA; Remote",B2B,Fintech; SaaS; Human Resources; HR Tech; Investing
Vanta,Vanta—the proven leader in automated compliance helping startups…,https://vanta.com,700.0,Winter 2018,"San Francisco, CA, USA",B2B,B2B; Compliance; Security
Xendit,Provides payment infrastructure for Southeast Asia,https://www.xendit.co/,700.0,Summer 2015,"Jakarta, Jakarta, Indonesia",Fintech,Fintech; Payments
Go1,A learning platform that enables you to train your staff or customers.,https://go1.com,650.0,Summer 2015,"San Francisco, CA, USA",B2B,eLearning
Helloverify,Helloverify is a background screening platform (Checkr for India).  ,https://www.helloverify.com,600.0,Winter 2018,"Noida, UP, India",B2B,Artificial Intelligence
Tractian,Fine tuning heavy machinery via AI,https://tractian.com,530.0,Winter 2021,"Atlanta, GA, USA",Industrials,SaaS; IoT; B2B; AI
Scale AI,Data-centric infrastructure to accelerate the development of AI ,http://scale.com,500.0,Summer 2016,"San Francisco, CA, USA",B2B,Artificial Intelligence; Machine Learning
Leena AI,We at Leena AI build a virtual assistant that answers employee's…,https://www.leena.ai,500.0,Summer 2018,"Redwood City, CA, USA; New Delhi, DL, India",B2B,Artificial Intelligence; Generative AI; Chatbot; Enterprise Software; AI Assistant
Pair Team,Building the safety net of the future,https://pairteam.com/,500.0,Summer 2019,"San Francisco, CA, USA; Remote",Healthcare,Health Tech; Workflow Automation; Digital Health; Healthcare; Healthcare IT
Flutterwave,Helping businesses make and accept payments from anywhere in Africa.,https://flutterwave.com,500.0,Summer 2016,"Lagos, LA, Nigeria; LA, Nigeria",Fintech,Fintech
Noora Health,Training patients and their families with health skills,http://noorahealth.org,500.0,Winter 2014,"Bengaluru, KA, India",Healthcare,Consumer Health Services
Ironclad,Digital contracting platform for legal teams.  ,http://ironcladapp.com,400.0,Summer 2015,"San Francisco, CA, USA",B2B,SaaS; LegalTech
Tovala,A smart-oven-paired subscription meal service.,http://www.tovala.com,375.0,Winter 2016,"Chicago, IL, USA",Consumer,Food & Beverage
Modern Health,A mental health benefits platform for employers.,https://www.modernhealth.com/,375.0,Winter 2018,"San Francisco, CA, USA; Remote",Healthcare,Mental Health Tech; Health Tech
Sendbird,"The AI agent that doesn’t just support, it delights.",https://sendbird.com,300.0,Winter 2016,"San Mateo, CA, USA",B2B,Artificial Intelligence; SaaS; B2B; Enterprise; AI
HackerRank,Change the world to value skills over pedigree,http://hackerrank.com,300.0,Summer 2011,"Mountain View, CA, USA; Remote",B2B,Developer Tools; Recruiting
People.ai,Harnesses business activity to unlock growth.,https://people.ai,300.0,Summer 2016,"San Francisco, CA, USA",B2B,Artificial Intelligence; SaaS; Enterprise
Nabis,Nabis is the largest licensed cannabis wholesale platform.,https://www.nabis.com/,300.0,Winter 2019,"San Francisco, CA, USA; Los Angeles, CA, USA; New York, NY, USA",B2B,Fintech; Marketplace; B2B; Cannabis; Analytics
Function of Beauty,"Customizable beauty for hair, skin, and body care products.",http://www.functionofbeauty.com,300.0,Winter 2016,"New York, NY, USA",Consumer,Beauty; Personalization; E-commerce
Jerry,Jerry makes it really easy to save time and money on car expenses. ,https://getjerry.com,288.0,Summer 2017,"Palo Alto, CA, USA",Fintech,Fintech; Insurance
Drip Capital,Digital trade finance and B2B commerce company,http://dripcapital.com,280.0,Summer 2015,"MH, India",Fintech,Fintech
CaptivateIQ,"Agile commission software to design, deploy & adapt commission plans.",https://www.captivateiq.com,280.0,Winter 2018,"San Francisco, CA, USA; Remote",B2B,SaaS
Cyble,"Cyble - World’s First Intelligence-Driven, AI-Native Security…",https://cyble.com/,260.0,Winter 2021,"Atlanta, GA, USA",B2B,SaaS; Security; AI
May Mobility,Transforming cities and rural areas through AV transit and technology,http://maymobility.com,260.0,Summer 2017,"Ann Arbor, MI, USA",Industrials,Artificial Intelligence; Robotics
TRM Labs,TRM is building a safer financial system for billions of people.,https://trmlabs.com/,250.0,Summer 2019,"San Francisco, CA, USA; Remote",B2B,Fintech; Machine Learning; Crypto / Web3; Data Engineering
Rescale,High Performance Computing Built for the Cloud,https://rescale.com,250.0,Winter 2012,"San Francisco, CA, USA",B2B,Cloud Computing
Qventus,We automate operations for hospitals and health systems,http://qventus.com,230.0,Winter 2015,"San Francisco, CA, USA; Remote",Healthcare,Artificial Intelligence; SaaS; Digital Health; Healthcare
Gecko Robotics,AI + Robotics for the Built World,https://www.geckorobotics.com,230.0,Winter 2016,"Pittsburgh, PA, USA; Austin, TX, USA",Industrials,Artificial Intelligence; Robotics; Energy; Big Data; Data Engineering
Gem,Talent engagement platform,https://www.gem.com/,200.0,Summer 2017,"San Francisco, CA, USA",B2B,SaaS; B2B; Recruiting
Spenmo,"A spend management software that provides businesses visibility,…",https://summitglobal.com/,200.0,Summer 2020,"Singapore, Singapore",Fintech,Fintech; SaaS
Hightouch,The leading Composable CDP and AI Decisioning platform,https://hightouch.com/,200.0,Summer 2019,"San Francisco, CA, USA",B2B,Marketing; Enterprise Software; AI
Vouch,Insurance and risk management tools for startups and growth-stage…,http://vouch.us,190.0,Summer 2019,"San Francisco, CA, USA",Fintech,Fintech; B2B
Prolific,"Making diverse, high-quality data easily available to anyone, anywhere",https://www.prolific.com,180.0,Summer 2019,"London, England, United Kingdom",B2B,AIOps; Marketplace
NALA,Building Payments for the Next Billion.,http://nala.com,168.0,Winter 2019,"New York, NY, USA",Fintech,Fintech; Payments
Tempo,Live home fitness training powered by computer vision.,https://tempo.fit/,158.0,Winter 2015,"San Francisco, CA, USA",Healthcare,Machine Learning; Consumer Health Services
InEvent,"In-Person, Hybrid and Virtual Event Management Software",https://inevent.com,150.0,Summer 2019,"Atlanta, GA, USA; Remote",B2B,SaaS; GovTech; B2B
Standard AI,AI-powered checkout for retail.,https://standard.ai,150.0,Summer 2017,"San Francisco, CA, USA; Milan, Lombardy, Italy; Remote",B2B,Retail Tech; Retail; AI
OneSignal,Engage customers through personalized omni-channel messaging,https://onesignal.com,150.0,Summer 2011,"San Mateo, CA, USA",B2B,Developer Tools; SaaS; B2B; Messaging; Marketing
PostHog,"The single platform to analyze, test, observe, and deploy new features",https://www.posthog.com,150.0,Winter 2020,"San Francisco, CA, USA; Remote",B2B,Developer Tools; B2B; Open Source
UpKeep,Mobile-first software for maintenance teams.,https://www.upkeep.com/,150.0,Winter 2017,"Los Angeles, CA, USA",B2B,SaaS; IoT; B2B
Lob,Lob is the only automation platform that transforms direct mail into…,http://lob.com,150.0,Summer 2013,"San Francisco, CA, USA",B2B,Automation
Bitmovin,Powers OTT online video providers with video developer tools.,http://bitmovin.com,145.0,Summer 2015,"San Francisco, CA, USA",B2B,Developer Tools; Video
Ophelia,Medication & support to beat opioid addiction from home,https://ophelia.com,130.0,Winter 2020,"New York, NY, USA",Healthcare,Mental Health Tech; Healthcare; Telemedicine
NimbleRx,On-demand prescription delivery.,http://nimblerx.com,130.0,Winter 2015,"Redwood City, CA, USA; Menlo Park, CA, USA",Healthcare,SaaS
Fieldguide,Vertical AI for Audit & Advisory Firms,http://fieldguide.io,130.0,Summer 2020,"San Francisco, CA, USA",B2B,Artificial Intelligence; B2B; Workflow Automation; Productivity
Middesk,We make it easier for B2B companies to transact with one another,http://www.middesk.com,130.0,Winter 2019,"San Francisco, CA, USA",B2B,Fintech; SaaS; B2B
Klarity,"Klarity: Your Always-On AI Analyst, Advisor & Coach",http://klarity.ai,128.0,Summer 2018,"San Francisco, CA, USA",B2B,Machine Learning; SaaS; AI
Abacum,The AI-native FP&A platform that helps Finance teams drive business…,https://www.abacum.ai/,125.0,Winter 2021,"New York, NY, USA",B2B,FinOps; SaaS
Short Story,Modern ecommerce for petite women,https://shortstorybox.com,120.0,Summer 2019,"San Francisco, CA, USA",Consumer,Machine Learning; Marketplace; E-commerce
Freshpaint,"Customer data collection, safeguarding, & activation for healthcare",https://freshpaint.io,120.0,Summer 2019,"San Francisco, CA, USA; Remote",B2B,Developer Tools; SaaS; B2B
GiveCampus,The fundraising platform for schools.,http://go.givecampus.com,120.0,Summer 2015,"Washington, DC, USA",Education,Education; Fintech; SaaS; B2B
Zuddl,Zuddl is a modular platform for events and webinars that helps event…,http://www.zuddl.com,120.0,Summer 2020,"Hyderabad, Telangana, India; TS, India; Remote",B2B,SaaS; B2B
Quicknode,Tools & infra to build and scale high-quality blockchain applications.,https://www.quicknode.com,115.0,Winter 2021,"Miami, FL, USA",B2B,Developer Tools; SaaS; Crypto / Web3; API
Deepgram,Building foundational AI for speech transcription and understanding.,https://www.deepgram.com,115.0,Winter 2016,"San Francisco, CA, USA; Remote",B2B,AI-Enhanced Learning; API; AI
Ashby,All-in-one recruiting platform that empowers hiring excellence in…,https://www.ashbyhq.com,110.0,Winter 2019,"San Francisco, CA, USA; Remote",B2B,Human Resources; B2B; Recruiting
Muzz,Where Single Muslims meet,https://muzz.com,104.0,Summer 2017,"London, England, United Kingdom",Consumer,Dating; Social Network
NanoNets,Automatic Data Extraction,https://nanonets.com,102.0,Winter 2017,"San Francisco, CA, USA",B2B,Developer Tools; SaaS; B2B; AI
BuildZoom,BuildZoom is a better way to remodel. We connect homeowners to the…,https://www.buildzoom.com,100.0,Winter 2013,"San Francisco, CA, USA",Consumer,Real Estate; Construction
Kalshi,1st federally regulated exchange where people can trade on events,https://www.kalshi.com,100.0,Winter 2019,"New York, NY, USA",Fintech,Trading
Belvo,Open Finance API platform for Latam.,https://belvo.com,100.0,Winter 2020,"São Paulo, SP, Brazil",Fintech,Fintech; SaaS
Culdesac,"We build cities for people, not cars. ",http://culdesac.com,100.0,Summer 2018,"Tempe, AZ, USA",Real Estate and Construction,Real Estate; Housing; Proptech; ClimateTech
Aios Medical,Accelerating the global take-up of GLP-1 medications,https://www.fellahealth.com/,100.0,Winter 2020,"San Francisco, CA, USA; Remote",Healthcare,Consumer Health Services; Healthcare; Telemedicine
Joy,The platform for all your life events.,http://withjoy.com,100.0,Summer 2016,"San Francisco, CA, USA; New York, NY, USA; Austin, TX, USA; Remote",Consumer,SaaS; Consumer; Media; E-commerce; Retail
Photoroom,Power commerce photography with generative AI,https://photoroom.com/,100.0,Summer 2020,"Paris, Île-de-France, France",Consumer,Generative AI; Computer Vision; Design Tools; API; AI
ClassDojo,"Communication app for K-8 teachers, kids, and families",http://www.classdojo.com,100.0,Summer 2012,"San Francisco, CA, USA; Remote",Education,Education; Consumer; Entertainment; Kids; Metaverse
Moonvalley,Building the next generation AI creative studio,https://www.moonvalley.com,95.0,Winter 2021,,Consumer,
Ambient.ai,AI company transforming enterprise physical security to prevent…,https://ambient.ai,95.0,Winter 2017,"San Jose, CA, USA",B2B,Computer Vision; Security; AI
Gigs,Stripe for phone plans. ,https://gigs.com,90.0,Winter 2021,"San Francisco, CA, USA",B2B,Fintech; SaaS; HR Tech; API
Cityfurnish,Cityfurnish - Commitment-free furniture rentals for a better you!,https://cityfurnish.com/,90.0,Winter 2019,"New Delhi, DL, India",Consumer,Fintech; Housing
Ridecell,AI for Automotive Leasing and Mobility,https://www.ridecell.com,88.0,Winter 2012,"San Francisco, CA, USA",B2B,SaaS; IoT; B2B; Enterprise; AI
voize,"We build the AI companion for nurses, to create time for care.",https://voize.de/,85.0,Winter 2022,"Berlin, Berlin, Germany",B2B,Machine Learning; Speech Recognition; Healthcare; NLP
Numeral,The AI-native sales tax solution.,https://www.numeral.com/,85.0,Winter 2023,"San Francisco, CA, USA",B2B,Fintech; SaaS; Finance; Compliance; E-commerce
Vetcove,Powering the animal health supply chain.,https://www.vetcove.com,83.0,Summer 2016,"Miami, FL, USA; Remote",B2B,Marketplace; B2B; Healthcare; E-commerce; Enterprise Software
PermitFlow,Construction's AI Platform,http://www.permitflow.com,80.0,Winter 2022,"New York, NY, USA",Real Estate and Construction,GovTech; Construction; Proptech; AI
HappyRobot,Intelligence that runs your operations. ,https://happyrobot.ai,80.0,Summer 2023,"San Francisco, CA, USA",B2B,Logistics; AI Assistant
borong,borong is a SaaS-enabled marketplace that connects brands like…,https://www.borong.com/,80.0,Winter 2020,"Kuala Lumpur, Federal Territory of Kuala Lumpur, Malaysia",B2B,Marketplace; SaaS; B2B
Volley,"Voice AI games on smart speakers, TVs, and mobile",https://volleygames.com,80.0,Winter 2018,"San Francisco, CA, USA",Consumer,Speech Recognition; Entertainment; Gaming; NLP; AI
Clinikally,India's Telemedicine Platform & Online Pharmacy for Dermatology Care,https://www.clinikally.com/,76.0,Summer 2022,"Gurugram, HR, India",Healthcare,Consumer Health Services; Telehealth; Digital Health; E-commerce
Rootly,AI-native on-call and incident response carefully crafted to help…,https://rootly.com,75.0,Summer 2021,"San Francisco, CA, USA; Remote",B2B,AIOps; Developer Tools; SaaS; B2B; Security
Mashgin,Self-Checkout using Computer Vision.,http://mashgin.com,75.0,Winter 2015,"Palo Alto, CA, USA",B2B,Cashierless Checkout; Deep Learning; Hardware; Computer Vision; AI
Hatch,The AI CSR Platform,http://usehatch.ai,73.0,Winter 2019,"Richmond, VA, USA; Remote",B2B,Artificial Intelligence; SaaS; B2B
AtoB,Modernizing global transportation payments.,https://atob.com/,71.0,Summer 2020,"San Francisco, CA, USA",Fintech,Fintech; SaaS; Payments; Supply Chain; Transportation
GoLinks,"Intuitive, easy-to-remember short links - powered by AI.",https://www.golinks.io,70.0,Winter 2019,"San Jose, CA, USA; Remote",B2B,SaaS; Productivity; Collaboration
Shef,Shef is a Marketplace for Homemade Food,https://www.shef.com,70.0,Winter 2019,"San Francisco, CA, USA",Consumer,Marketplace; Consumer; Food; Food Tech
Binks,"A zero inventory, zero returns factory-to-consumer apparel company",https://getbinks.com/,70.0,Summer 2019,"Bengaluru, KA, India",Consumer,Sustainable Fashion; Consumer; E-commerce; Supply Chain
PNOĒ,Enabling health professionals to prescribe clinical-grade wellness…,,70.0,Winter 2019,"Athens, Greece; Miami, FL, USA",Healthcare,Medical Devices; Digital Health; Telemedicine; Diagnostics; Primary Care
"Veryfi, Inc.",APIs to Transform Documents into Structured Data,https://www.veryfi.com/,70.0,Winter 2017,"San Mateo, CA, USA",B2B,Artificial Intelligence; Computer Vision; API; AI
Ramani,We're building financial infrastructure for Africa's supply chains,http://www.ramani.io,70.0,Winter 2020,"Dar es Salaam, Dar es Salaam, Tanzania",B2B,SaaS
autone,Inventory management SaaS for Retail & Consumer brands,https://autone.io,70.0,Summer 2022,"London, England, United Kingdom",B2B,Sustainable Fashion; Consumer; Supply Chain; Retail
GIMO,We help underbanked workers get paid before payday,https://gimo.vn/en,70.0,Winter 2022,"Hanoi, Hanoi, Vietnam",Fintech,Fintech; Payments
Community Phone Company,The best phone for communities in America,https://www.communityphone.org/,70.0,Winter 2019,"San Francisco, CA, USA; Remote",Consumer,Artificial Intelligence; SaaS; B2B; Customer Support; Telecommunications
Pulley,Pulley helps founders and finance teams manage their equity and cap…,https://pulley.com,68.0,Winter 2020,"San Francisco, CA, USA",B2B,
HockeyStack,The operating system for inbound B2B revenue,https://hockeystack.com,65.0,Summer 2023,"San Francisco, CA, USA",B2B,SaaS; B2B; Analytics; Sales; Marketing
Motion,The only work management platform for both Human and AI Employees,https://www.usemotion.com/,65.0,Winter 2020,"San Francisco, CA, USA; Remote",B2B,Artificial Intelligence; SaaS; B2B; Productivity; AI
Padlet,Papyrus → Parchment → Paper → Padlet,https://padlet.com,65.0,Winter 2013,"San Francisco, CA, USA",B2B,Education; SaaS
Hive,"Marketing automation for event promoters (email, sms, ads, CRM)",http://www.hive.co,65.0,Summer 2014,"Kitchener, ON, Canada; Remote",B2B,SaaS; CRM; SMS; Email
Legora (formerly Leya),The AI workspace for lawyers,https://www.legora.com/,65.0,Winter 2024,"Stockholm, Stockholm County, Sweden",B2B,Generative AI; LegalTech; AI
Mason,Mason is the fastest way to take smart devices from idea to end user,http://www.bymason.com,65.0,Winter 2016,"Seattle, WA, USA",B2B,Hardware; SaaS; Logistics
Prodigal,Lending Intelligence Software,https://prodigaltech.com/,65.0,Summer 2018,"Mountain View, CA, USA",Fintech,Fintech; SaaS; Consumer Finance; AI
AssemblyAI,The best way to build Voice AI apps,https://www.assemblyai.com,65.0,Summer 2017,"San Francisco, CA, USA; Remote",B2B,Artificial Intelligence; Developer Tools; Speech Recognition; API; AI
Gather,Building a better way to meet online.,https://www.gather.town/,60.0,Summer 2019,"San Francisco, CA, USA; Remote",Consumer,Metaverse
Cambio,AI-native commercial real estate operations,https://www.cambio.ai/,60.0,Summer 2022,"San Francisco, CA, USA",Real Estate and Construction,Artificial Intelligence; Real Estate; B2B
Bankjoy,An end-to-end digital banking solution for banks and credit unions,http://bankjoy.com,60.0,Winter 2015,"Troy, MI, USA; Remote",Fintech,Banking as a Service; Conversational Banking; Fintech
Popl,Your Complete In-Person GTM Platform,https://popl.co/,60.0,Winter 2021,"New York, NY, USA; Remote",B2B,Artificial Intelligence; SaaS; B2B; Emerging Markets; AI
Vitable Health,"Affordable care via ICHRA and primary care with visits, meds, labs…",https://vitablehealth.com,60.0,Summer 2020,"Philadelphia, PA, USA; Remote",Healthcare,Digital Health; Healthcare; Health Insurance; Health & Wellness
Codingal,Leading online after-school for kids & teens to learn AI & coding,https://www.codingal.com,60.0,Winter 2021,"Bengaluru, KA, India",Education,Education; eLearning; Edtech
GovDash,AI platform to win and run government contracts,https://govdash.com/,56.0,Winter 2022,"New York, NY, USA",Government,Artificial Intelligence; Generative AI; GovTech
BIK,Agentic AI CRM for ecommerce,https://bik.ai/,55.0,Summer 2020,"San Francisco, CA, USA; Remote",B2B,SaaS; B2B; E-commerce; AI; AI Assistant
FlutterFlow,Application Development Platform (Native Mobile + Web Apps),https://flutterflow.io,55.0,Winter 2021,,B2B,
Optery,Opt out software that removes your private info from the internet,https://www.optery.com,55.0,Winter 2022,"San Francisco, CA, USA; Remote",B2B,SaaS; Consumer; Security; Privacy; Enterprise Software
Reality Defender,Enterprise Deepfake Detection,http://www.realitydefender.com,54.0,Winter 2022,"New York, NY, USA",B2B,SaaS; Deepfake Detection; Security; Privacy; AI
Embrace,Modern mobile observability built on OpenTelemetry,https://embrace.io,52.0,Summer 2019,"Los Angeles, CA, USA; Remote",B2B,Developer Tools; SaaS; Open Source
Soraban,AI assistant for accounting firms ,https://www.soraban.com,50.0,Winter 2021,"Tempe, AZ, USA",B2B,AI-Enhanced Learning; Robotic Process Automation; SaaS
Craftwork,Digital-native home painting franchise,https://craftwork.com/,50.0,Summer 2023,"Charlotte, NC, USA",Real Estate and Construction,Proptech; Home Services; Home Automation
Triomics,Generative AI for Oncology EHRs,https://triomics.com/,50.0,Winter 2021,"San Francisco, CA, USA",Healthcare,Healthcare; Healthcare IT
Payflow,A mobile app. It allows employees to get paid their salary on-demand.,https://www.payflow.es/,50.0,Summer 2021,"Madrid, Community of Madrid, Spain",B2B,Fintech; SaaS; HR Tech; Lending
Lugg,"Move anything, anytime, anywhere",http://lugg.com,50.0,Summer 2015,"San Francisco, CA, USA; Remote",Consumer,Logistics
Draftwise,Contract and negotiation AI built for lawyers,https://www.draftwise.com/,50.0,Summer 2020,"New York, NY, USA",B2B,Generative AI; SaaS; B2B; LegalTech
Upflow,Cash collection tech for B2B businesses.,https://upflow.io/en/,50.0,Winter 2020,"New York, NY, USA",Fintech,Fintech; SaaS
Recurrency,Automated ERP for distributors.,http://www.recurrency.com,50.0,Summer 2020,"San Francisco, CA, USA; Los Angeles, CA, USA",B2B,SaaS; AI
Turing College,AI-driven online tech school for busy professionals,https://www.turingcollege.com/,50.0,Winter 2021,"Vilnius, Vilnius County, Lithuania",Education,Education
GoGoGrandparent,"A concierge service for seniors’ rides, meals, meds, home and more.",https://gogograndparent.com,50.0,Summer 2016,"San Francisco, CA, USA; Remote",Consumer,Assistive Tech; Consumer Health Services
SOUNDBOKS,We're creating the loudest battery-driven speaker on the market,http://soundboks.com,50.0,Winter 2016,"Copenhagen, Denmark",Consumer,
Sendblue,iMessage for Sales,https://www.sendblue.com,50.0,Summer 2023,"New York, NY, USA",B2B,
Landed,Generative AI for frontline worker hiring,https://www.gotlanded.com,50.0,Winter 2019,"San Francisco, CA, USA",B2B,Marketplace; Recruiting
Verge Genomics,We use human data and AI to develop better drugs faster.,http://vergegenomics.com,50.0,Summer 2015,,Healthcare,
Great Question,User research on autopilot. ,https://greatquestion.co,50.0,Winter 2021,"Oakland, CA, USA; Remote",B2B,SaaS; B2B; Design Tools
Bloom Institute of Technology,The online coding school that invests in you.,https://www.bloomtech.com,50.0,Summer 2017,"San Francisco, CA, USA; Remote",Education,Education; Fintech
Scope AR,Scope AR is the leading provider of User Guided Augmented Reality…,http://scopear.com,50.0,Summer 2015,"San Francisco, CA, USA",Consumer,SaaS; Augmented Reality
Kaso,B2B platform connecting restaurants with food suppliers,https://www.kaso.ai,50.0,Winter 2022,"Dubai, United Arab Emirates",B2B,Marketplace; Supply Chain; Food Tech
Sully.ai,AutonomousOS for healthcare organizations,https://www.sully.ai,49.0,Summer 2021,"San Francisco, CA, USA",B2B,Artificial Intelligence; SaaS; Health Tech; B2B; Healthcare
Inscribe,Risk Ops Automation,https://www.inscribe.ai/,47.0,Summer 2018,"San Francisco, CA, USA",B2B,Artificial Intelligence; Fintech; Fraud Detection
Glide,"Glide turns spreadsheets into beautiful, intelligent apps.",https://www.glideapps.com,46.0,Winter 2019,"San Francisco, CA, USA; Remote",B2B,Artificial Intelligence; Developer Tools; B2B; No-code; Enterprise Software
Ello,Building the world's first 1:1 AI teacher.,https://www.ello.com,45.0,Winter 2020,"San Francisco, CA, USA",Education,Education; AI
Benepass,Fintech for corporate compensation,http://www.getbenepass.com,45.0,Winter 2020,"New York, NY, USA",B2B,Fintech; HR Tech
Centaur,Quality-first data labeling for model evaluation and training,https://centaur.ai/,45.0,Winter 2019,"Boston, MA, USA",Healthcare,Artificial Intelligence; Data Science; Crowdsourcing; Data Labeling
Peakflo,Agentic workflows that automate your back‑office operations,https://peakflo.co,45.0,Winter 2022,"Singapore, Singapore",Fintech,Fintech; SaaS; B2B
Hadrius,Automating Securities Compliance,https://www.hadrius.com,43.0,Winter 2023,"New York, NY, USA",Fintech,Artificial Intelligence; SaaS; B2B; Compliance; Regtech
Humaans,AI-Powered HRIS for high performing teams,https://humaans.io,43.0,Winter 2021,"London, England, United Kingdom",B2B,SaaS; Human Resources; B2B; Enterprise; AI
Respaid,"Respectful B2B Debt Collection, Powered by AI",https://www.respaid.com,42.0,Summer 2023,"San Francisco, CA, USA",Fintech,Artificial Intelligence; Fintech; B2B
AXAR AI,Multi-agent orchestration platform,https://www.axar.ai/,41.0,Winter 2021,"Mountain View, CA, USA",B2B,Developer Tools; B2B; AI
Quindar,The platform to monitor and automate satellite operations,https://www.quindar.space,41.0,Summer 2022,"Denver, CO, USA",B2B,SaaS; Space Exploration; Satellites; Aerospace
Overview,"Reshaping industrial quality with AI, hardware, and software",https://overview.ai,40.0,Winter 2019,"San Francisco, CA, USA",Industrials,Deep Learning; IoT; Computer Vision; Manufacturing; AI
Storylane,Build Interactive Product Demo in 10 mins for SaaS companies,https://www.storylane.io/,40.0,Summer 2021,"Santa Clara, CA, USA",B2B,SaaS; B2B
Dynamo AI,Compliant-Ready AI for the Enterprise,https://dynamo.ai,40.0,Winter 2022,"San Francisco, CA, USA",B2B,Machine Learning; Privacy; Data Engineering
Gemnote,"Gemnote is the easiest way to design, create and send custom products.",http://gemnote.com,40.0,Summer 2015,"San Leandro, CA, USA",B2B,E-commerce; Customization
Proven Group,"PROVEN is using AI, data and personalization to disrupt CPG",https://www.provenskincare.com,40.0,Winter 2018,"San Francisco, CA, USA; Remote",Consumer,Artificial Intelligence; Machine Learning; Consumer; E-commerce
Capi Money,Helping businesses in emerging markets make pay their international…,https://www.capimoney.com,40.0,Summer 2023,"London, England, United Kingdom",Fintech,Fintech; Payments
Tavus,Building the human layer of AI,https://www.tavus.io,40.0,Summer 2021,"San Francisco, CA, USA",B2B,Generative AI; B2B; Video; Infrastructure; AI
AON3D,Additive Manufacturing with advanced materials,https://www.aon3d.com,40.0,Winter 2017,"Montreal, QC, Canada",Industrials,Hardware; 3D Printing; Manufacturing
PostEra,Medicinal Chemistry powered by Machine Learning,https://postera.ai/,40.0,Winter 2020,"Boston, MA, USA",Healthcare,AI-powered Drug Discovery; Machine Learning; COVID-19
Tailor,Headless ERP for retail operations,https://www.tailor.tech/,40.0,Summer 2022,"Tokyo, Tokyo, Japan",B2B,Developer Tools; SaaS; B2B; API; Enterprise
Karat Financial,Better financial services for creators,http://trykarat.com,40.0,Winter 2020,"San Francisco, CA, USA; Remote",Fintech,Fintech; Entertainment
PocketSuite,PocketSuite makes it easy for your clients to book and pay you,https://pocketsuite.io,40.0,Winter 2016,"San Francisco, CA, USA; Remote",B2B,SaaS; Payments; Messaging; Scheduling; CRM
Nash,Nash is the digital logistics infrastructure for commerce,https://www.usenash.com/,40.0,Summer 2021,"San Francisco, CA, USA",B2B,Marketplace; SaaS; B2B; Delivery; Logistics
Speak,"A superhuman, AI-powered language tutor in your pocket",http://speak.com,40.0,Winter 2017,"San Francisco, CA, USA",Consumer,Artificial Intelligence; Education
Deed,Making it easy for employees to donate and volunteer with good causes.,https://www.joindeed.com,40.0,Summer 2021,"New York, NY, USA",B2B,SaaS; B2B; Enterprise
Weekday,AI recruiter that runs outbound sourcing campaigns to find top talent,https://weekdayworks.com/,38.0,Winter 2021,"Bengaluru, KA, India; Remote",B2B,B2B; Recruiting
Artisan,"AI employees called Artisans, starting with an AI BDR",https://artisan.co/?utm_source=ycombinator,37.0,Winter 2024,"San Francisco, CA, USA",B2B,B2B; Sales; Automation; AI; AI Assistant
Craniometrix,Using AI to help dementia patients age at home,https://craniometrix.com,36.0,Winter 2022,"New York, NY, USA",Healthcare,Neurotechnology; Health Tech
AiPrise,AI Powered Global Compliance Platform,https://aiprise.com/,36.0,Summer 2022,"Santa Clara, CA, USA",Fintech,Fintech; B2B; Identity; Compliance; Regtech
Streak,Streak transforms Gmail into a powerful CRM,http://streak.com,35.0,Summer 2011,Remote,B2B,SaaS
Beacons,"An AI-powered, all-in-one business platform for content creators",https://beacons.ai/,35.0,Summer 2019,"San Francisco, CA, USA",Consumer,SaaS
SwiftSku,Management and analytics software for convenience stores,https://swiftsku.com,35.0,Winter 2021,"New York, NY, USA; Remote",B2B,Fintech; SaaS; B2B; Analytics; Retail Tech
BlueCargo,The automated solution for complex freight transactions.,http://www.bluecargo.io/,35.0,Summer 2018,"Los Angeles, CA, USA",B2B,Logistics; Supply Chain
UpCodes,"AI platform for unifying codes, assemblies, products, and specs",https://up.codes/,35.0,Summer 2017,"Austin, TX, USA; Remote",Real Estate and Construction,GovTech; Construction; B2B
OneChronos,The Smart Market for Institutional Investors,https://www.onechronos.com/,35.0,Summer 2016,"New York, NY, USA",Fintech,Fintech; Marketplace; AI
REVER,Changing the way people buy by giving superpowers to shoppers,https://itsrever.com/,35.0,Summer 2022,"Barcelona, CT, Spain; CT, Spain",Fintech,Fintech; SaaS; B2B; Logistics; E-commerce
Landeed,"Landeed is India’s digital infrastructure for property intelligence,…",https://www.landeed.com/,35.0,Summer 2022,"Hyderabad, Telangana, India",Fintech,Documents; Artificial Intelligence; Fintech; Legal; Proptech
Peoplebox.ai,"AI talent platform to hire, manage, and grow your people ",https://www.peoplebox.ai,35.0,Summer 2022,"San Francisco, CA, USA",B2B,SaaS; B2B; Recruiting; HR Tech; AI
Writesonic,Track & Boost Your Brand’s Visibility in AI Search,https://writesonic.com/,35.0,Summer 2021,"San Francisco, CA, USA; Remote",B2B,Generative AI; SaaS; B2B; AI
JuziBot,"Intercom for WeChat, help companies to acquire,  engage, retain…",https://www.juzibot.com/,34.0,Winter 2019,"Beijing, Beijing, China",B2B,Chatbot; Analytics; Customer Support
Baraka,Grow Your Wealth With Baraka,https://www.getbaraka.com/,34.0,Summer 2021,"Dubai, United Arab Emirates",Fintech,Fintech
Delve,AI that makes compliance effortless,https://delve.co/?utm_source=yc&utm_medium=bio&utm_campaign=delve,33.0,Winter 2024,"San Francisco, CA, USA",B2B,SaaS; B2B; Compliance; Cybersecurity; AI
Finley,Streamline your debt capital raise and management,https://www.finleycms.com,32.0,Winter 2021,"San Francisco, CA, USA",Fintech,Fintech; SaaS; Enterprise
SPRX,AI for corporate R&D tax credits,https://sprx.tax,32.0,Winter 2023,,B2B,
SnapMagic,AI copilot for electronics design,https://www.snapmagic.com,32.0,Summer 2015,"San Francisco, CA, USA",B2B,Developer Tools; Hardware; Marketplace; AI
Luminai,Luminai helps automate repetitive manual work away from your mission…,https://www.luminai.com,31.0,Summer 2020,"San Francisco, CA, USA",B2B,SaaS; B2B; Enterprise
Flagright,AI-native AML compliance platform for fintechs & banks,https://flagright.com,31.0,Winter 2022,"San Francisco, CA, USA",B2B,Artificial Intelligence; Fintech; B2B; Compliance; Regtech
MedMe Health,Software for pharmacies to move beyond dispensing,https://www.medmehealth.com,30.0,Winter 2021,"Toronto, ON, Canada; Remote",Healthcare,SaaS; B2B; Digital Health; Healthcare; Healthcare IT
Rollstack,Automate data-driven slide decks and documents with AI,https://www.rollstack.com,30.0,Winter 2023,"New York, NY, USA; Remote",B2B,Artificial Intelligence; Productivity; Analytics; Data Visualization
Acely,Every student's AI coach for college readiness,https://acely.com,30.0,Winter 2018,"San Francisco, CA, USA",Education,Education; eLearning; Consumer
Datafold,Automating manual and repetitive data engineering tasks with AI,https://datafold.com,30.0,Summer 2020,"New York, NY, USA; Remote",B2B,SaaS; Analytics; Data Engineering; AI
PolicyFly,Modernizing Specialty Insurance,https://www.policyfly.com,30.0,Winter 2022,"New York, NY, USA; Remote",Fintech,Marketplace; Insurance; AI
Recall.ai,"The API to get recordings, transcripts, and metadata from meetings",https://www.recall.ai,30.0,Winter 2020,"San Francisco, CA, USA",B2B,API; AI
RocketSDR,AI Native Sales Outreach Platform,https://rocketsdr.ai,30.0,Winter 2021,"Bengaluru, KA, India",B2B,Sales; AI
Kodex,Easiest way for companies to process data requests from governments,https://www.kodexglobal.com,30.0,Summer 2021,"Boston, MA, USA; Remote",B2B,GovTech; Compliance; LegalTech; Regtech
autarc,autarc is the OS for Europe's One-Stop Energy Installers,https://www.autarc.energy/en,30.0,Summer 2024,"Berlin, Berlin, Germany",B2B,Lidar; Computer Vision; B2B; Climate; AI
Stable,A virtual address + mailbox for business,https://useStable.com,30.0,Winter 2020,"San Francisco, CA, USA",B2B,B2B; Remote Work
Formance,Open Source Infrastructure for the Financial Internet,https://formance.com,30.0,Summer 2021,"Paris, Île-de-France, France",B2B,Developer Tools; Fintech; Payments; B2B; Open Source
Ankr Health,Virtualizing brick-mortar infrastructures of clinics w/ generative AI ,https://ankr.us,30.0,Winter 2022,"San Francisco, CA, USA; Remote",Healthcare,Generative AI; Telehealth; B2B; Digital Health; Telemedicine
Truewind,AI-Powered Accounting,https://www.trytruewind.com,30.0,Winter 2023,"San Francisco, CA, USA",B2B,Artificial Intelligence; Fintech; Generative AI; SaaS; B2B
Curacel,AI-Powered Infrastructure for Insurance & Healthcare,https://curacel.co,30.0,Winter 2022,"Lagos, LA, Nigeria",Fintech,SaaS; B2B; Insurance; Healthcare IT; AI
Vori,Vori is a modern operating system for supermarkets,https://www.vori.com,29.0,Winter 2020,"East Palo Alto, CA, USA",B2B,Grocery; SaaS; Retail Tech
Escape,The only DAST that works with modern stack and tests business logic,https://escape.tech,29.0,Winter 2023,"New York, NY, USA",B2B,Developer Tools; Security; API; GraphQL
Merlin AI,AI powered ERP for Construction,https://www.merlinai.co,28.0,Summer 2024,"Los Angeles, CA, USA",B2B,SaaS; Construction; B2B; Enterprise Software; AI
TaxGPT,AI tax assistant for professionals and businesses,https://www.taxgpt.com,28.0,Summer 2024,"San Francisco, CA, USA",B2B,Artificial Intelligence; Fintech; B2B
Topline Pro,Generative AI powered Shopify for home service professionals,https://www.toplinepro.com,28.0,Winter 2021,"New York, NY, USA; Boston, MA, USA",B2B,SaaS
Shuttle Central,Helping travel companies to sell transportation online,https://book.shuttlecentral.com/,28.0,Winter 2022,"Cancún, Q.R., Mexico",Consumer,B2B; Travel; E-commerce; Transportation; Mobility
D-ID,Enable creators and developers to generate realistic AI personas,http://www.d-id.com,27.0,Summer 2017,"Tel Aviv-Yafo, Tel Aviv District, Israel",B2B,Artificial Intelligence; Deep Learning; Generative AI; Entertainment
Blue Onion,Financial data layer for AI-powered finance and accounting,https://www.blueonion.ai/,27.0,Summer 2020,"New York, NY, USA",B2B,Machine Learning; Finance; AI
KaiPod Learning,A national network of microschools bringing school choice to every…,http://www.kaipodlearning.com,27.0,Summer 2021,"Boston, MA, USA",Education,Education; eLearning; Consumer
Yuma AI,The AI Support Agent for Ecommerce,https://yuma.ai,26.0,Winter 2023,"Boston, MA, USA",B2B,Artificial Intelligence; Customer Support; AI; Conversational AI; AI Assistant
OneSchema,Automate CSV & PDF workflows with AI,https://www.oneschema.co,25.0,Summer 2021,"San Francisco, CA, USA",B2B,SaaS; B2B; Workflow Automation; No-code; AI
MindFi,Transforming Mental Health for Corporate Asia,https://www.mindfi.co,25.0,Summer 2021,"Singapore, Singapore",B2B,Machine Learning; Mental Health Tech; B2B; HR Tech; Health & Wellness
Presti AI,Helping furniture companies create product visuals with AI,https://www.presti.ai/,25.0,Summer 2024,,B2B,Artificial Intelligence; B2B; E-commerce; AI
NewsCatcher,"We transform public web data into live signals that power search,…",https://newscatcherapi.com/,25.0,Summer 2022,"Kyiv, Ukraine; Remote",B2B,Artificial Intelligence; SaaS; Enterprise; Big Data; Enterprise Software
Jiga,Source better parts by partnering directly with vetted manufacturers,https://jiga.io,25.0,Winter 2021,Remote,B2B,B2B; Manufacturing; Supply Chain
VetRec,AI Scribe for veterinarians. Saving time and improving patient care.,https://vetrec.io,25.0,Summer 2023,"Seattle, WA, USA",B2B,Generative AI; Health Tech; AI
Fathom,Never take notes again with the #1 AI Meeting Assistant,https://fathom.video,25.0,Winter 2021,"San Francisco, CA, USA; Remote",B2B,SaaS; B2B
AlemHealth,AI Radiologist in a Box - We provide a vertically integrated AI…,https://www.alemhealth.com,25.0,Winter 2017,"Singapore, Singapore",Healthcare,Health Tech; AI
MDalgorithms Inc.,Democratizing Dermatology with AI ,https://www.mdalgorithms.com,25.0,Winter 2017,"San Francisco, CA, USA; Remote",Healthcare,Consumer Health Services; Consumer; Healthcare; Telemedicine; AI
SpruceID,SpruceID lets users control their data across the web.,https://www.spruceid.com,25.0,Winter 2021,"New York, NY, USA; Remote",Government,GovTech; Crypto / Web3; Identity; Privacy; Infrastructure
Atomic Industries,The world's first AI powered tool and die maker,http://atomic.industries,25.0,Winter 2021,"Detroit, MI, USA",Industrials,Hard Tech; Manufacturing; AI
Apero Health,Modern medical billing,https://www.aperohealth.com,24.0,Summer 2019,"San Francisco, CA, USA",Healthcare,Health Tech; Finance; Digital Health; Enterprise Software
FamPay,India’s first neobank for teenagers,https://fampay.in,24.0,Summer 2019,"Bengaluru, KA, India",Fintech,Fintech; Payments
Laylo,The CRM powering iconic musicians and events,https://laylo.com,24.0,Summer 2020,"Los Angeles, CA, USA; Remote",B2B,SaaS; Messaging; Enterprise; CRM; Creator Economy
Rutter,The Unified API for Business Financial Data,https://rutter.com,24.0,Summer 2019,"New York, NY, USA",B2B,Developer Tools; Fintech; B2B
Vellum,The AI Product Development Platform,https://www.vellum.ai/,23.0,Winter 2023,"New York, NY, USA",B2B,Developer Tools; SaaS; AI
IMT Care,Disrupting Indian Insurance space by empowering distrubutors,https://www.imt.care,23.0,Winter 2022,"MH, India",Healthcare,Healthcare; Insurance; India
Cinder,"Cinder | Responsible AI, Trust & Safety, and Data Labeling At Scale",http://www.cinder.co,23.0,Winter 2022,"New York, NY, USA",B2B,SaaS; B2B; Compliance; Trust & Safety; AI
"DreamCraft Entertainment, Inc.",Platform that allows anyone to create and monetize video games.,https://www.dreamcraft.com/,23.0,Summer 2018,"Redwood City, CA, USA",Consumer,Developer Tools; Entertainment; Gaming
ArchForm,Replacing orthodontic braces with our clear aligner and software,http://archform.com,23.0,Winter 2018,"Sunnyvale, CA, USA",Healthcare,Robotics; Health Tech; Medical Devices; 3D Printing
Arist,Deliver effective learning at scale ,https://www.arist.co,23.0,Summer 2020,"New York, NY, USA; Remote",B2B,Education; eLearning
Nextmv,A DecisionOps platform that accelerates optimization AI teams,https://nextmv.io,22.0,Winter 2020,"Philadelphia, PA, USA; Remote",B2B,Logistics; Supply Chain; AI
kapa.ai,The fastest way to build AI assistants on technical content,https://www.kapa.ai,22.0,Summer 2023,Remote,B2B,Artificial Intelligence; Generative AI; AI; Conversational AI; AI Assistant
Tandem,AI-native office leasing agent,https://tandem.space/,22.0,Summer 2024,,B2B,Marketplace; Real Estate; B2B; Proptech
Carbonfact,Decarbonizing the fashion industry,http://www.carbonfact.com,22.0,Summer 2021,"Paris, Île-de-France, France",Industrials,SaaS; Sustainable Fashion; Climate
Datrics,Generative AI Healthcare Coding Automation,https://datrics.ai,22.0,Winter 2021,"San Francisco, CA, USA; Remote",Healthcare,B2B; Analytics; Healthcare; Health Insurance; AI
SkyLink,Travel Management Meets AI,http://www.tryskylink.com,22.0,Winter 2022,"New York, NY, USA",B2B,Travel; AI
Keeper,AI tax filing for complex returns,https://keepertax.com,21.0,Winter 2019,"San Francisco, CA, USA",Fintech,Fintech; Consumer
Freterium,Real-Time Collaborative Transport Management Platform,https://www.freterium.com,21.0,Summer 2021,"Casablanca, Casablanca-Settat, Morocco",B2B,Logistics; Supply Chain
IOMETE,Self-hosted data lakehouse platform,https://www.iomete.com/,21.0,Winter 2022,"Mountain View, CA, USA; Remote",B2B,Analytics
Infracost,Shift FinOps Left: Proactively Find & Fix Cloud Cost Issues,https://infracost.io,20.0,Winter 2021,Remote,B2B,Developer Tools; DevSecOps; FinOps; B2B; Open Source
Mutiny,AI for Enterprise GTM,https://www.mutinyhq.com,20.0,Summer 2018,"New York, NY, USA",B2B,Artificial Intelligence; SaaS; B2B
Anima,The next generation care enablement platform,http://www.animahealth.com,20.0,Winter 2021,"London, England, United Kingdom; Remote",Healthcare,Deep Learning; SaaS; Consumer Health Services
ClaimSorted,Making it easy for insurance companies to process claims,https://claimsorted.com,20.0,Summer 2024,,Fintech,
JustPaid,Billing Automation for B2B that actually works.,https://www.justpaid.ai,20.0,Winter 2023,"Mountain View, CA, USA; Remote",Fintech,AI-Enhanced Learning; Artificial Intelligence; Fintech; AI; AI Assistant
Neodocs,Instant lab tests on your smartphone,https://www.neodocs.in,20.0,Summer 2021,"MH, India",Healthcare,Artificial Intelligence; Consumer Health Services; Medical Devices
Toma,AI for Underserved Industries,http://www.toma.com/,20.0,Winter 2024,"San Francisco, CA, USA",B2B,Marketing; Customer Support; AI; Automotive; Conversational AI
DreamWorld,DreamWorld is a next-gen Minecraft with generative AI building,https://www.playdreamworld.com/,20.0,Winter 2021,"Redwood City, CA, USA",Consumer,Gaming
New Story,We pioneer solutions to end the global housing crisis by empowering…,http://newstoryhomes.org,20.0,Summer 2015,"Atlanta, GA, USA",Real Estate and Construction,Fintech; Nonprofit; Housing
amiloz,Micro-lender in Mexico,https://www.beloz.com.mx/,20.0,Winter 2022,"Mexico City, CDMX, Mexico",Fintech,Fintech; Lending; Consumer Finance
Finku,AI powered personal finance app for Indonesia,http://finku.id,20.0,Winter 2022,"Jakarta, Jakarta, Indonesia",Fintech,Fintech; AI Assistant
Swif.ai,The guardrail for AI on every device,https://www.swif.ai,20.0,Summer 2020,"Sunnyvale, CA, USA",B2B,SaaS; B2B; Compliance; Security; Enterprise
Pasito,AI agents for insurance and benefits,https://pasito.ai,20.0,Summer 2022,"New York, NY, USA; Remote",Fintech,Health Tech; Insurance; AI
HOMLI,Sell your home without brokers,https://thehomli.com,20.0,Summer 2022,"New York, NY, USA",Real Estate and Construction,Artificial Intelligence; Real Estate; Consumer; Proptech; AI
Handoff,AI estimator & agent for remodelers.,https://www.handoff.ai/,20.0,Winter 2020,"Austin, TX, USA",Real Estate and Construction,Machine Learning; Construction; B2B; Proptech; API
Nestor,Skills-based talent management solutions for a dynamic workforce.,https://nestorup.com,20.0,Summer 2018,"San Jose, CA, USA; Remote",B2B,SaaS; HR Tech
Accord,The Revenue Excellence Platform,https://inaccord.com,20.0,Winter 2020,"San Francisco, CA, USA",B2B,SaaS; B2B
Nira Energy,Software to find the best sites for renewables on the electrical grid,https://www.niraenergy.com/,20.0,Winter 2022,Remote,Industrials,Solar Power; Climate; Energy; Renewable Energy; ClimateTech
F2,The AI platform for private markets investors,http://f2.ai,20.0,Summer 2025,"New York, NY, USA",B2B,AI
Crustdata,Real-time B2B data via simple APIs,https://crustdata.com,20.0,Fall 2024,,B2B,
Openlayer,The fastest way to ship airtight AI,https://openlayer.com,19.0,Summer 2021,"San Francisco, CA, USA",B2B,AIOps; Developer Tools; Generative AI; Machine Learning; AI
Hedgehog,Building robotic mushroom farms,http://hedgehogfoods.com,18.0,Summer 2022,"San Francisco, CA, USA",Industrials,Robotics; Climate; Food Tech; Agriculture; AI
Eventual,Building the AI data engine for any modality and scale,https://www.daft.ai/,18.0,Winter 2022,"San Francisco, CA, USA",B2B,Computer Vision
JITX,Automatic circuit board design.,http://www.jitx.com,18.0,Summer 2018,"Berkeley, CA, USA",Industrials,Automation; AI
Mine (formerly Fizz),The AI personal finance company. ,https://usemine.com/,18.0,Summer 2021,"New York, NY, USA",Fintech,Fintech; Consumer; Consumer Finance; AI
Reforged Labs,"Turn intuition into insights, in minutes",https://reforgedlabs.com/,18.0,Winter 2022,"San Francisco, CA, USA",Consumer,Generative AI; B2B; Gaming; Advertising; AI
Saturn,Compliance and back office workflows for Wealth Managers.,https://www.SaturnOS.com,18.0,Summer 2024,"London, England, United Kingdom",Fintech,Fintech; Generative AI; B2B
Magna,Carta for Web3: token vesting and DeFi investment management. ,https://magna.so,18.0,Winter 2022,"New York, NY, USA",Fintech,DeFi; DAO
KorrAI,AI-native workspace for end-to-end desktop studies,https://www.korrai.com,17.0,Winter 2022,"Toronto, ON, Canada",Real Estate and Construction,Artificial Intelligence; Construction; Insurance; AI
Hyperbound,AI Sales Performance OS,https://hyperbound.ai,17.0,Summer 2023,"San Francisco, CA, USA",B2B,AI-Enhanced Learning; B2B; Sales; Sales Enablement; Conversational AI
Lucis,Function Health for Europe ,https://www.lucis.life,17.0,Spring 2025,"Paris, Île-de-France, France",Healthcare,
Inkeep,Build AI Agent teammates and automations in code or no-code,https://inkeep.com,17.0,Winter 2023,"San Francisco, CA, USA",B2B,Developer Tools; Workflow Automation; Customer Support; No-code; AI Assistant
Metriport,Open-Source Platform for Healthcare Data Intelligence,https://metriport.com/,16.0,Summer 2022,"San Francisco, CA, USA",Healthcare,Artificial Intelligence; B2B; Digital Health; Healthcare; API
Scispot,The Best Data Infrastructure for Biotechs,https://scispot.io,16.0,Summer 2021,"Kitchener, ON, Canada",B2B,Generative AI; SaaS; B2B; AI
CarbonChain,We help companies automate the accounting of their carbon emissions,https://carbonchain.com,16.0,Summer 2020,"London, England, United Kingdom",Industrials,Climate
AI Insurance,AI Insurance is the platform that runs insurance companies,https://www.aiinsurance.io,16.0,Winter 2019,"San Francisco, CA, USA",Fintech,Artificial Intelligence; Insurance
Cofactr,Cloud pre-factory logistics and procurement for electronics,https://www.cofactr.com/,15.0,Winter 2022,"New York, NY, USA",B2B,Hardware; B2B; Logistics; Supply Chain
Activeloop,Database for AI,https://activeloop.ai/,15.0,Summer 2018,"Mountain View, CA, USA",B2B,Computational Storage; Deep Learning; Generative AI; Computer Vision; Open Source
Sepal AI,Data Development for Advanced AI,https://www.sepalai.com,15.0,Summer 2024,"San Francisco, CA, USA",B2B,AIOps; Reinforcement Learning; Data Labeling; AI
Blee,"Smart, fast, and collaborative compliance reviews ",https://www.blee.com,15.0,Summer 2022,"New York, NY, USA",Fintech,Fintech; LegalTech; AI
Toothy AI,AI for insurance verification & billing at dental clinics,https://www.toothy.ai/,15.0,Winter 2025,"San Francisco, CA, USA",Healthcare,Artificial Intelligence; Health Tech; Healthcare; Dental; Conversational AI
ModernLoop,ModernLoop helps teams automate and streamline recruiting operations,http://modernloop.io,15.0,Winter 2021,"San Mateo, CA, USA",B2B,B2B; Recruiting; Productivity; HR Tech; Remote Work
DigiBuild,We buy & track building materials for construction companies.,https://digibuild.com,15.0,Summer 2021,"Miami, FL, USA",Real Estate and Construction,Artificial Intelligence; SaaS; Supply Chain; AI; ML
Thera,AI-Native Finance OS,https://www.getthera.com,15.0,Summer 2022,"New York, NY, USA",B2B,Artificial Intelligence; Fintech; B2B; Payroll; Cryptocurrency
Hypotenuse AI,"Manage, create & optimize your ecommerce product content using AI",https://hypotenuse.ai/,15.0,Summer 2020,"San Francisco, CA, USA",B2B,Generative AI; Machine Learning; E-commerce; AI
Sourcify,Sourcify helps brands manufacture products in Asia.,https://www.sourcify.com/,15.0,Winter 2018,"San Diego, CA, USA; Remote",B2B,Manufacturing; Supply Chain
Numero,Modern fundraising software for political campaigns and nonprofits.,https://www.numero.ai,15.0,Winter 2019,"San Francisco, CA, USA; Remote",Fintech,Fintech; SaaS
Firecrawl,The web data API for AI,https://www.firecrawl.dev,15.0,Summer 2022,"San Francisco, CA, USA",B2B,Artificial Intelligence; Developer Tools; Open Source
Sunflower,Building the Sobriety Platform for the future of Superintelligence. 🌻,https://sunflowersober.com/,15.0,Fall 2025,,Consumer,
MobileBoost,AI native mobile testing.,https://www.mobileboost.io/yc,15.0,Summer 2021,"San Francisco, CA, USA; Remote",B2B,Artificial Intelligence; Developer Tools; Generative AI; B2B; No-code
Central,"Payroll, benefits, state compliance & other bullsh*t for startups",https://centralhq.com,15.0,Summer 2024,"San Francisco, CA, USA",B2B,Fintech; B2B; HR Tech; Payroll; AI
Serif Health,Healthcare Price Transparency APIs and Data Products,https://www.serifhealth.com,15.0,Winter 2022,"Los Angeles, CA, USA; Remote",Healthcare,Artificial Intelligence; Health Tech; Analytics; Healthcare; API
Velt,Add powerful collaboration features to your product ridiculously fast.,https://velt.dev,15.0,Winter 2022,"San Francisco, CA, USA",B2B,Developer Tools; SaaS; Collaboration; API; Remote Work
Per Diem,The AI operating system for restaurants,https://tryperdiem.com,15.0,Winter 2021,"New York, NY, USA; Remote",B2B,Payments; Consumer; B2B
Cekura,Voice AI and Chat AI agents: Testing and Observability,https://www.cekura.ai/,15.0,Fall 2024,"San Francisco, CA, USA",B2B,Developer Tools; SaaS; B2B
Carma,The AI Operating System For Modern Fleets.,https://www.joincarma.com/,15.0,Winter 2024,"San Francisco, CA, USA",B2B,B2B; Workflow Automation; Compliance; AI; Automotive
Lamar Health,Take Care of Shitty Paperwork for Expensive Drugs,http://www.lamarhealth.com,15.0,Winter 2021,"San Mateo, CA, USA",Healthcare,Health Tech; AI
Mach9,The Fastest Tool for Automating Geospatial Production,https://www.mach9.ai/,15.0,Summer 2021,"San Francisco, CA, USA; Pittsburgh, PA, USA",B2B,Machine Learning; Computer Vision; Infrastructure; AI
Cogram,"The AI Platform for Architects, Builders, and Engineers",https://cogram.com,15.0,Winter 2022,"New York, NY, USA",B2B,Artificial Intelligence; B2B
Noloco,Flexible Business Apps for Modern Teams,https://noloco.io,15.0,Summer 2021,"Dublin, County Dublin, Ireland",B2B,Developer Tools; SaaS; No-code
Bot MD,AI Clinical Assistant for Doctors,https://www.botmd.io,15.0,Summer 2018,"Singapore, Singapore",Healthcare,
Trébol,"Your back-office, on autopilot",https://gotrebol.com/,14.0,Winter 2022,"Bogotá, Bogota, Colombia",B2B,Fintech; SaaS; B2B; Legal; Enterprise
ProSights,ProSights is an AI-native data extraction tool for financial…,https://prosights.co/,14.0,Winter 2024,"New York, NY, USA",B2B,Fintech; Analytics; Enterprise Software; Investments; AI
Intryc,Intryc uses AI to automate quality assurance for customer support,https://intryc.com,14.0,Summer 2024,"San Francisco, CA, USA; Remote",B2B,Customer Success; Analytics; Customer Support; Operations
Taskade,One prompt. One app. One living workspace for teams.,https://www.taskade.com,14.0,Summer 2019,"San Francisco, CA, USA",B2B,Artificial Intelligence; Generative AI; SaaS; B2B; Collaboration
Waydev,"The Engineering Intelligence Platform | DORA, SPACE, DX, CORE 4 ",https://waydev.co/,13.0,Winter 2021,"Menlo Park, CA, USA",B2B,AI-Enhanced Learning; Enterprise; Data Engineering; Data Visualization; AI
Caribou,Full-stack Transfer Pricing for global startups,https://usecaribou.com,13.0,Winter 2019,"London, England, United Kingdom",Fintech,Fintech; SaaS; B2B; LegalTech
Mederva Health,Longevity medicine for the 99%.,https://medervahealth.com/,13.0,Winter 2022,"San Francisco, CA, USA",Healthcare,Consumer Health Services; Telehealth; Digital Health; Healthcare
Courtyard.io,"A frictionless, safe, and fun experience to invest in collectibles",https://courtyard.io,13.0,Winter 2022,"San Francisco, CA, USA; Remote",Fintech,Marketplace; Sports Tech; Consumer
Telmai,Automated data observability and quality for Data Lake,https://www.telm.ai/,12.0,Summer 2021,"San Francisco, CA, USA; Foster City, CA, USA; Remote",B2B,Analytics; AI; ML
Cosine,Fully Agentic SWE,http://www.cosine.sh,12.0,Winter 2023,"London, England, United Kingdom",B2B,Artificial Intelligence; Developer Tools; Generative AI; Machine Learning; NLP
Atlas,"Operating system for restaurants, focusing on Southeast Asia",https://atlas.kitchen,12.0,Summer 2021,"Singapore, Singapore",B2B,Restaurant Tech
Svix,"Enterprise ready webhooks service, open-source and in the cloud",https://www.svix.com,12.0,Winter 2021,"New York, NY, USA; San Francisco, CA, USA; Remote",B2B,Developer Tools; Open Source; API
Gigwell,Building the Future of Live Event Bookings.,https://www.gigwell.com,12.0,Winter 2016,"Los Angeles, CA, USA",B2B,Marketplace; SaaS; Entertainment
Infinia,Move money programmatically,https://www.infiniaweb.com/,12.0,Winter 2023,,Fintech,Payments; Cryptocurrency
inBuild,Workflow Automation for Construction Finance ,https://www.inbuild.ai/,12.0,Winter 2023,"Wilmington, DE, USA; San Francisco, CA, USA; Aspen, CO, USA",B2B,AI-Enhanced Learning; Fintech; Payments; Construction; Proptech
DeepSource,"Unified DevSecOps platform, helping developers ship good code.",https://deepsource.com/,12.0,Winter 2020,"San Francisco, CA, USA",B2B,Developer Tools; SaaS; AI; AI Assistant
Cartage,Autonomous freight coordination,https://cartage.ai,12.0,Summer 2024,"San Francisco, CA, USA",B2B,Artificial Intelligence; Machine Learning; Workflow Automation; Logistics; Supply Chain
Vendah,Vendah is building a Faire-style marketplace for LATAM’s +50M…,https://vendah.com.br/,12.0,Winter 2023,"São Paulo, SP, Brazil",Consumer,Marketplace
Dover,Your startup's all-in-one recruiting solution,https://dover.com,12.0,Summer 2019,"New York, NY, USA; Remote",B2B,B2B; Recruiting
Aden,Scale AI agents profitably,https://adenhq.com/,12.0,Winter 2020,"San Francisco, CA, USA",B2B,Developer Tools; Infrastructure; AI
Skypher,AI agent for Compliance Questionnaires Automation,https://skypher.co,12.0,Winter 2020,"New York, NY, USA",B2B,Artificial Intelligence; Generative AI; Compliance; Cybersecurity; AI Assistant
Typewise,Boosting customer service and sales productivity by 2-3x.,https://typewise.app,12.0,Summer 2022,"Zürich, ZH, Switzerland",B2B,Machine Learning; B2B; Productivity; API; AI
Paladin,We deploy autonomous drones to 911 calls. Our software gives first…,http://paladindrones.io,12.0,Summer 2018,"Houston, TX, USA",Industrials,SaaS; Drones; GovTech
Heimdal,Affordable and verified direct air carbon capture and storage,https://www.heimdalccu.com,12.0,Summer 2021,"Denver, CO, USA",Industrials,Carbon Capture and Removal; Climate
Letter AI,"Empowering B2B sellers with AI-powered training, coaching, and content",https://www.letter.ai,12.0,Summer 2023,"Chicago, IL, USA",B2B,
Zensors,AI to understand and automates the physical world,https://www.zensors.com,12.0,Summer 2021,"San Francisco, CA, USA",B2B,AIOps; Artificial Intelligence
Distro,The AI co-pilot for sales reps at industrial wholesale distributors.,https://distro.app,11.0,Summer 2024,"Palo Alto, CA, USA",B2B,SaaS; B2B; Manufacturing; Supply Chain; AI
AirMyne,Building systems to remove carbon dioxide from air at industrial scale,http://www.airmyne.com,11.0,Winter 2022,"Berkeley, CA, USA",Industrials,Carbon Capture and Removal; Hard Tech; Hardware; Climate
Legion Health,"AI-native psychiatry, built for scale and covered by insurance",https://legionhealth.com,11.0,Summer 2021,"San Francisco, CA, USA",Healthcare,Artificial Intelligence; Consumer Health Services; Telehealth; Healthcare; Mental Health
Capitol AI,"Model-agnostic AI for enterprises: governed, embedded, decision-grade.",https://www.capitol.ai/,11.0,Summer 2024,"Washington, DC, USA",B2B,AI-Enhanced Learning; Artificial Intelligence; Workflow Automation; Analytics; Media
Odys Aviation,Vertical takeoff and landing aircraft for major airlines,https://www.odysaviation.com/,11.0,Summer 2021,"Los Angeles, CA, USA",Industrials,Hard Tech; Airplanes; Climate
Conduit,Conversational AI agents for Customer Service.,https://conduit.ai/?utm_source=referral&utm_medium=organic&utm_campaign=ycombinator,11.0,Winter 2024,"San Francisco, CA, USA",B2B,Messaging; Sales; Customer Service; Customer Support; AI
Findly,Co-pilot for Business Intelligence,https://www.findly.ai/join,11.0,Summer 2022,"London, England, United Kingdom",B2B,Artificial Intelligence; Generative AI; B2B; Chatbot; Data Engineering
mdhub,"AI workers for healthcare clinics, starting with behavioral health",https://www.mdhub.ai/,11.0,Summer 2024,,Healthcare,
Wasmer,The Operating System for Edge Computing,https://wasmer.io,11.0,Summer 2019,"San Francisco, CA, USA; Remote",B2B,Developer Tools; Open Source
Flockjay,"AI-driven learning, content, and coaching for sales teams",https://flockjay.com,10.0,Winter 2019,"San Francisco, CA, USA; Remote",B2B,Artificial Intelligence; SaaS; eLearning; Productivity; Sales
Swadesh,"We setup Immigrants with a free US Bank Account, Credit Card, SIM…",http://www.swadesh.co,10.0,Summer 2019,"New York, NY, USA; New Delhi, DL, India",Fintech,Fintech; Remittances; Immigration
Kontigo,USDC-Smart Neobank for Latinos. ,https://kontigo.lat/,10.0,Summer 2024,,Fintech,
Drillbit,Automating Office Work for Residential Contractors.,https://www.drillbit.com,10.0,Summer 2024,"Austin, TX, USA",B2B,Artificial Intelligence; Home Services
Diffuse Bio,Generative AI for protein design,http://diffuse.bio,10.0,Winter 2023,"San Carlos, CA, USA",Healthcare,AI-powered Drug Discovery; Deep Learning; Generative AI; Machine Learning; Biotech
Piramidal,Foundation Model for the Brain,https://piramidal.ai,10.0,Winter 2024,"New York, NY, USA",Healthcare,
Alguna,AI-Native CPQ & Billing for Modern Pricing Models,https://alguna.com,10.0,Summer 2023,"San Francisco, CA, USA; Remote",B2B,Artificial Intelligence; Fintech; SaaS; B2B; Enterprise
Contrario,Fill critical roles faster with AI-empowered recruiters,https://contrario.ai,10.0,Winter 2025,"San Francisco, CA, USA",B2B,SaaS; Recruiting; AI
Phonely,AI call centers ,https://phonely.ai,10.0,Summer 2024,,B2B,
Oway,AI Infrastructure for America’s Empty Truck Space,https://www.shipoway.com,10.0,Summer 2024,"San Francisco, CA, USA",B2B,Artificial Intelligence; B2B; Logistics; Infrastructure
CodeAnt AI,AI Code Health Platform,https://codeant.ai/,10.0,Winter 2024,"San Francisco, CA, USA",B2B,
Letterdrop,Book more meetings with conversational intent,https://letterdrop.com,10.0,Winter 2020,"New York, NY, USA",B2B,Generative AI; Sales; Marketing
AlgoUniversity,Building Job driven Virtual Tech University for India 🇮🇳,http://algouniversity.com/,10.0,Summer 2021,"Hyderabad, Telangana, India",Education,Education; Income Share Agreements; eLearning
Dots 💸,Developer friendly drop in payouts infrastructure,https://usedots.com,10.0,Summer 2021,"San Francisco, CA, USA",Fintech,Fintech; Payments; API; Creator Economy
Posh,Rapidly deployable energy solutions for modern commercial and…,https://www.poshenergy.com,10.0,Winter 2022,"San Francisco, CA, USA",Industrials,Energy Storage
Wyndly,Life's better without allergies,https://www.wyndly.com,10.0,Winter 2021,"New York, NY, USA; Remote",Healthcare,Consumer Health Services; Consumer; Digital Health; Healthcare
Windmill,Open-source platform to turn scripts into internal apps & workflows,https://windmill.dev,10.0,Summer 2022,"Paris, Île-de-France, France",B2B,Developer Tools; SaaS; B2B; Workflow Automation; Open Source
Axle,Universal API for insurance,https://axle.insure,10.0,Summer 2022,"New York, NY, USA",Fintech,Artificial Intelligence; Developer Tools; Fintech; B2B; Insurance
Dart,The only truly AI-native project management tool,https://www.dartai.com,10.0,Winter 2022,"San Francisco, CA, USA",B2B,Artificial Intelligence; Generative AI; B2B; Productivity; AI
Tank Payments,Modern financial infrastructure for the trucking industry.,https://www.tankpayments.com/,10.0,Summer 2022,"Austin, TX, USA",Fintech,Fintech; SaaS; Payments; Logistics; Supply Chain
Activepieces,"Open-source, AI-first and no-code business automation tool",https://www.activepieces.com,10.0,Summer 2022,"San Francisco, CA, USA",B2B,Workflow Automation; Open Source; No-code; Enterprise Software; AI
OneStopKitchen,AI-Driven Tech & Space Optimization to Scale Restaurants,https://onestopkitchen.com/,10.0,Summer 2021,"Sunnyvale, CA, USA",Consumer,Ghost Kitchens; E-commerce; AI
Axross Pte Ltd,AI-driven HVAC control system for improved energy performance,https://www.axross.co/,10.0,Winter 2022,"Singapore, Singapore; Jakarta, Jakarta, Indonesia",B2B,B2B; Manufacturing; AI
TeamOut,Online marketplace for team retreat venues,https://www.teamout.com/,10.0,Winter 2022,"Los Angeles, CA, USA; Remote",B2B,Marketplace; Travel
Asha Health,We help medical practices become AI-native,https://asha.health,9.0,Fall 2024,"New York, NY, USA",Healthcare,
Decoda Health,AI-powered platform automating medical practice operations,https://decodahealth.com/,9.0,Summer 2023,"San Francisco, CA, USA",Healthcare,Artificial Intelligence; Messaging; Digital Health; Healthcare IT; Billing
Prosper,AI Phone Agents for Healthcare Operations,https://www.getprosper.ai?utm_source=yc&utm_medium=directory&utm_campaign=yc_directory,9.0,Summer 2023,"New York, NY, USA",B2B,Health Tech; B2B; Healthcare; AI
Syntra,AI chart review for speciality medical clinics.,https://www.syntra.com,9.0,Summer 2024,"San Francisco, CA, USA",Healthcare,Artificial Intelligence; Healthcare IT; Billing
Assembly HOA,AI-enabled HOA Management Company,https://assemblyhoa.com,9.0,Summer 2024,"San Francisco, CA, USA",Real Estate and Construction,Fintech; Real Estate; Housing; Proptech; AI
iSono Health,AI-powered platform for Accessible and Personalized Breast Health…,http://www.isonohealth.com,9.0,Winter 2016,"San Francisco, CA, USA",Healthcare,Artificial Intelligence; Consumer Health Services; Medical Devices
SafeBeat,Guiding cardiac therapeutics - all from your phone,https://safebeat.com,9.0,Summer 2021,"San Francisco, CA, USA",Healthcare,AI-Enhanced Learning; Medical Devices; Therapeutics
Varos,AI Business Analysts to gather requirements and optimize processes,http://varos.com,9.0,Summer 2021,"San Francisco, CA, USA",B2B,SaaS; B2B; Analytics
Conduit,Air Traffic Control for Warehouses,http://helloconduit.com,9.0,Winter 2023,"San Francisco, CA, USA",B2B,SaaS; B2B; Logistics; Transportation; Enterprise Software
Tab,"Revolutionising the way travellers discover, plan and book a trip",https://www.tab.travel,9.0,Winter 2015,"London, England, United Kingdom",Consumer,Fintech; Marketplace; Travel
Trigger.dev,Build and deploy fully‑managed AI agents and workflows,https://trigger.dev,9.0,Winter 2023,"London, England, United Kingdom",B2B,Developer Tools; SaaS; B2B; Open Source; AI
Strong Compute,10x-1000x faster compute for Neural Network training,https://strongcompute.com,8.0,Winter 2022,"Sydney, NSW, Australia",B2B,Artificial Intelligence; Machine Learning; Cloud Computing
goodfin,Building the next generation of wealth,http://www.goodfin.com,8.0,Winter 2022,"San Francisco, CA, USA",Fintech,Artificial Intelligence; Fintech
TransAstra Corporation,"Orbital logistics: Unleashing space industry, from Earth to asteroids",https://www.transastra.com,8.0,Summer 2021,"Los Angeles, CA, USA",Industrials,Space Exploration
Cotera,The fastest way to build an AI agent,https://cotera.co,8.0,Winter 2022,"New York, NY, USA",B2B,Artificial Intelligence; Analytics; Marketing
Strac,"Data Discovery, DLP, DSPM for SaaS, Cloud, Gen AI & Endpoints",https://www.strac.io/,8.0,Winter 2022,"Bellevue, WA, USA",B2B,Generative AI; SaaS; Security; Enterprise; AI
Bemlo,AI-native scheduling and workforce management platform for healthcare,https://www.bemlo.com/en,8.0,Winter 2022,"Stockholm, Stockholm County, Sweden",Healthcare,Artificial Intelligence; SaaS; B2B; Healthcare; Enterprise Software
Senso,Control what AI says about you,http://www.senso.ai,8.0,Winter 2024,"Toronto, ON, Canada",B2B,Artificial Intelligence; Generative AI; AI Assistant
TrueClaim,"Transparent, AI-powered healthcare TPA.",https://www.trytrueclaim.com,8.0,Winter 2024,"San Francisco, CA, USA; Remote",Healthcare,
Third Chair,Automating complex legal workflows with human lawyers in the loop.,https://usethirdchair.com,8.0,Spring 2025,"San Francisco, CA, USA; Remote",B2B,
Biodock,Cloud AI microscopy automation,https://www.biodock.ai,8.0,Winter 2021,"Austin, TX, USA",Healthcare,Artificial Intelligence; Deep Learning; SaaS
Leadbay,Discover and qualify SMB leads that couldn't be found before.,https://leadbay.ai/,8.0,Fall 2025,"San Francisco, CA, USA",B2B,B2B; Sales; AI
Depot,Build faster. Waste less time.,https://depot.dev,8.0,Winter 2023,Remote,B2B,Developer Tools; DevOps
Autonomous Technologies Group,Superintelligent financial advisor,https://becomeautonomous.com/,8.0,Fall 2025,"New York, NY, USA",Fintech,Artificial Intelligence; Consumer Finance
Speedy Labs,Maximize profits with AI-powered rebate management.,https://speedylabs.ai/,8.0,Winter 2023,Remote,B2B,
Dialect,Making internet experiences distributable and actionable everywhere,https://dialect.to,8.0,Summer 2020,"New York, NY, USA",B2B,Crypto / Web3; B2B
ShortLoop,Phone AI that Captures Every Dealership Revenue Opportunity,https://shortloop.dev/,8.0,Winter 2023,"San Francisco, CA, USA",B2B,Generative AI; B2B; AI; Automotive
Berry,Scale customer success and onboarding with AI ,https://berryai.com/,8.0,Winter 2023,"San Francisco, CA, USA; Remote",B2B,Artificial Intelligence; Generative AI; Customer Success; AI; Conversational AI
Indemni,Cargo Theft and Fraud Prevention Platform,http://www.indemni.com,7.0,Winter 2024,"San Francisco, CA, USA",B2B,Identity; Logistics; Supply Chain; Fraud Prevention; Fraud Detection
Quickchat AI,Conversation Design platform to build Al Assistants tailored to your…,https://quickchat.ai/,7.0,Summer 2018,"Warsaw, Masovian Voivodeship, Poland",B2B,Artificial Intelligence; Chatbot; Conversational AI
Invopop,We help global software companies comply with local tax reporting ,https://www.invopop.com/,7.0,Winter 2023,"Madrid, Community of Madrid, Spain",B2B,FinOps; Fintech; Compliance
Compose.ai,Cut your writing time by 40% with AI-powered autocomplete,https://compose.ai,7.0,Winter 2021,"San Francisco, CA, USA; Remote",B2B,Artificial Intelligence; NLP; Email
Yummy Future,We build robotic workforces for the food & beverage industry.,https://yummy-future.com,7.0,Summer 2019,"Champaign, IL, USA",Industrials,Artificial Intelligence; Hard Tech; Hardware; Robotics; AI
Concourse,AI Agents for corporate finance teams,https://concourse.co/,7.0,Winter 2023,"New York, NY, USA",B2B,Artificial Intelligence; Fintech; SaaS; B2B; AI
Elevate (formerly Bloom),US based USD accounts for non-US residents ,https://www.elevatepay.co,7.0,Winter 2022,"Dubai, Dubai, United Arab Emirates",Fintech,Fintech; Payments; Consumer; Neobank
Sameday,The leading AI workforce for the trades.,https://www.gosameday.com/,7.0,Winter 2023,"Lehi, UT, USA",B2B,Generative AI; B2B; Sales Enablement; Automation; AI
Superbar,Sales AI for your Website,http://www.superbar.ai,7.0,Summer 2022,"Toronto, ON, Canada; Remote",B2B,SaaS; B2B; Marketing; Enterprise
Unbound,Use AI tools without fear of data leakage,https://getunbound.ai/,7.0,Summer 2024,"San Francisco, CA, USA",B2B,Artificial Intelligence; Privacy; Cybersecurity; Data Labeling
Quadrant Health,Analyzing EHR and messaging data to predict disease before it occurs.,https://quadrant.health,7.0,Winter 2021,"New York, NY, USA; Remote",Healthcare,SaaS; Healthcare IT; AI
Dex,Dex is a personal CRM that reminds you to keep in touch with the…,https://getdex.com,7.0,Summer 2019,"San Francisco, CA, USA; Remote",Consumer,SaaS; Productivity; CRM
Vinci Games,Creating genre-defining multiplayer VR games.,https://ruffnauts.com/,7.0,Summer 2022,"Berkeley, CA, USA; Remote",Consumer,Virtual Reality; Consumer; Gaming; Metaverse
Open,Enterprise AI customer support,https://open.cx,7.0,Winter 2024,"San Francisco, CA, USA; Remote",B2B,Generative AI; Customer Service; Customer Support; Conversational AI; AI Assistant
Unthread,Agentic service management in Slack,https://unthread.io,7.0,Summer 2022,"New York, NY, USA",B2B,SaaS; B2B; Customer Support; AI
Shape (ShapeScale),ShapeScale is a personal 3D scanner and fitness tracker that…,https://shapescale.com,7.0,Summer 2015,"San Francisco, CA, USA",Consumer,Hardware; Computer Vision; Consumer Health Services
AIVideo.com,The all in one tool for AI powered video production,https://aivideo.com,7.0,Summer 2023,Remote,B2B,
Wolfia,"We help security, legal and sales teams answer customer questions",https://wolfia.com,7.0,Summer 2022,"Austin, TX, USA; Remote",B2B,Generative AI; Security; Sales; LegalTech
Venta AI,The compliant AI colleague for sales teams in Europe,https://www.getventa.ai,7.0,Summer 2023,,B2B,Artificial Intelligence; Sales
Metis,Infrastructure to build reliable agents,https://withmetis.ai,7.0,Summer 2025,"San Francisco, CA, USA; Remote",B2B,
Narrative,AI-powered QA testing platform,https://www.trynarrative.com/,7.0,Winter 2023,"San Francisco, CA, USA",B2B,Artificial Intelligence; SaaS; B2B; Logistics
Crew,Next Gen ATS/CRM for Modern Recruitment Agencies,https://crew.work/,6.0,Summer 2021,"Paris, Île-de-France, France; Remote",B2B,Recruiting; Sales Enablement; Talent Acquisition; CRM
Reacher,We automate creator marketing for the world's largest brands,https://reacherapp.com/,6.0,Summer 2025,"San Francisco, CA, USA; Remote",B2B,Artificial Intelligence; B2B; E-commerce; Creator Economy
Zeit AI,From data to enterprise insights in just a few words.,https://zeit-ai.com/,6.0,Summer 2024,,B2B,
Agapé,"Feel close, even when apart. One meaningful conversation at a time.",https://www.getdailyagape.com,6.0,Summer 2021,"Rochester, NY, USA; Remote",Healthcare,Health & Wellness
Dot,Chat with your Data Warehouse,https://getdot.ai,6.0,Summer 2021,"Berlin, Berlin, Germany; Heidelberg, BW, Germany; Remote",B2B,Artificial Intelligence; SaaS; B2B; Analytics; Enterprise
Pocket,The world's best AI note-taking device and app,https://heypocket.com/,6.0,Winter 2026,,Consumer,
Powder,AI Agents for precise document analysis,https://www.powderfi.com/,6.0,Winter 2024,,Fintech,
LunaJoy Health,"AI-powered scalable infrastructure + mental health services, starting…",http://HelloLunaJoy.com,6.0,Winter 2022,"Atlanta, GA, USA",Healthcare,Mental Health Tech; Digital Health; Femtech
Saphira AI,Vanta for Hardware,https://saphira.ai,6.0,Summer 2024,"San Francisco, CA, USA",B2B,Artificial Intelligence; Hardware; Robotics; Compliance; Enterprise
OneText,Frictionless payments via SMS,https://onetext.com,6.0,Winter 2023,"San Jose, CA, USA; San Francisco, CA, USA; Remote",Fintech,Fintech; Payments; Consumer; B2B; E-commerce
Airhart Aeronautics,Airplanes anyone can fly,https://www.airhartaero.com/,6.0,Summer 2022,"Long Beach, CA, USA",Industrials,Airplanes; Aerospace
Corgea,"Corgea finds, and fixes insecure code and packages autonomously. ",https://www.corgea.com/,6.0,Summer 2023,"San Francisco, CA, USA",B2B,Developer Tools; SaaS; Security; Cybersecurity; AI
Surface Labs,Building the AI-powered marketing ops platform that turns website…,https://withsurface.com,6.0,Summer 2023,"San Francisco, CA, USA",B2B,Artificial Intelligence; Sales; Marketing; Advertising; Conversational AI
Cargo,Build your GTM workforce,https://getcargo.io,6.0,Summer 2023,"San Francisco, CA, USA; Remote",B2B,
Centralize,The AI-powered deal collaboration platform for high ACV revenue teams,https://www.usecentralize.com/,6.0,Winter 2024,"San Francisco, CA, USA",B2B,Artificial Intelligence; SaaS; B2B; Sales; AI
Coperniq,Workflow software for solar & energy contractors ☀️😎,https://coperniq.io,6.0,Winter 2023,"San Francisco, CA, USA",B2B,SaaS; Solar Power; B2B; Climate; Renewable Energy
Mobius Materials,The spot market for semiconductors,https://www.mobiusmaterials.com,6.0,Summer 2020,"San Francisco, CA, USA",Industrials,Hardware; Manufacturing; Supply Chain; Semiconductors
WarpBuild,Accelerate software development with WarpBuild's 10x faster CI infra.,https://www.warpbuild.com,5.0,Summer 2021,"San Francisco, CA, USA; Remote",B2B,Developer Tools; Generative AI; SaaS; Productivity; DevOps
Attain,One-Stop Shop for Convenience Store Inventory,https://joinattain.com/,5.0,Winter 2022,"San Francisco, CA, USA",B2B,Marketplace; SaaS; B2B; Supply Chain; Food Tech
hud,Platform for building RL environments and evals ,https://www.hud.so,5.0,Winter 2025,"San Francisco, CA, USA",B2B,Artificial Intelligence; Reinforcement Learning
Minerva,AI native accounting firm,https://www.tryminerva.ai,5.0,Spring 2025,,B2B,
Lightmeter,Managed Sales Email Delivery For Cold Outreach,https://lightmeter.io,5.0,Winter 2022,"London, England, United Kingdom",B2B,Delivery; Sales; Email
Darsel,Chatbot teaching K12 math in developing countries,http://darsel.tech,5.0,Winter 2022,Remote,Education,AI-Enhanced Learning; Education; eLearning; Nonprofit
Eloquent AI,The AI Operator for Financial Services,https://www.eloquentai.co/,5.0,Spring 2025,"San Francisco, CA, USA",B2B,Fintech; B2B; Enterprise; AI
Kyber,"Instantly draft, review, and send complex regulatory notices.",https://askkyber.com,5.0,Winter 2023,"New York, NY, USA",B2B,Generative AI; SaaS; Insurance; Enterprise; Regtech
Bolna AI,Voice AI to enable India's next billion,https://bolna.ai,5.0,Fall 2025,"Bengaluru, KA, India",B2B,Artificial Intelligence; B2B; Infrastructure; Conversational AI
Magic Patterns,Go from idea to production with AI.,https://www.magicpatterns.com/,5.0,Winter 2023,"San Francisco, CA, USA",B2B,
Maywood,AI for M&A,https://maywoodai.com/,5.0,Winter 2026,"New York, NY, USA",Fintech,Fintech; Finance; B2B; AI
dili,Automating PWA Compliance and Diligence,https://www.dili.ai,5.0,Summer 2023,"New York, NY, USA",B2B,Fintech; B2B; Compliance; Energy; AI
Nowadays,AI co-pilot for corporate retreat and event planning,http://nowadays.ai/,5.0,Summer 2023,"San Francisco, CA, USA",B2B,Artificial Intelligence; B2B; Logistics; Marketing; AI
Protex AI,"Computer vision that makes the industrial workplace, safer",https://www.protex.ai,5.0,Summer 2021,"Limerick, County Limerick, Ireland",B2B,Industrial Workplace Safety; Machine Learning; B2B
Simbie AI,We get patients to their next appointment,http://www.simbie.ai,5.0,Summer 2023,"New York, NY, USA",Healthcare,Artificial Intelligence; SaaS; Health Tech
ProhostAI,AI Property Manager for Airbnb & Short-Term Rental Hosts,https://www.prohost.ai/,5.0,Summer 2024,"San Francisco, CA, USA",B2B,Artificial Intelligence; SaaS; B2B; Travel; AI Assistant
Educato,AI-Powered Worldwide exam-prep platform,https://www.educato.com/,5.0,Summer 2024,"San Francisco, CA, USA; Remote",Education,Education; Edtech; AI
Glasskube,"Software Distribution Platform for On-Prem, Kubernetes, Docker & BYOC",https://distr.sh/,5.0,Summer 2024,,B2B,
Same,Build products without coding,https://same.new,5.0,Winter 2024,"San Francisco, CA, USA",Consumer,Artificial Intelligence
Anara,AI for researchers,https://anara.com,5.0,Summer 2024,"San Francisco, CA, USA",B2B,Consumer; B2B; AI
Venu AI,Meet qualified leads in person by automating conference production,https://www.venu3d.com,5.0,Winter 2021,"San Jose, CA, USA; Remote",B2B,Artificial Intelligence; B2B; Community; Sales; Marketing
Starling,AI enabling digital urine diagnostics in the home,https://starlingmedical.com/,5.0,Winter 2022,"Houston, TX, USA",Healthcare,Machine Learning; Medical Devices; Digital Health
Beam,AI-Native Cloud Platform,https://beam.cloud,5.0,Winter 2022,"New York, NY, USA",B2B,Artificial Intelligence; Developer Tools; Open Source; Cloud Computing
Zep AI,Agent Context Is Hard. We Fixed It.,https://www.getzep.com/,5.0,Winter 2024,"San Francisco, CA, USA",B2B,Artificial Intelligence; Developer Tools; Infrastructure; Conversational AI; AI Assistant
Attack Capital,Access the start-up asset class with vetted private companies,https://attack.capital/,5.0,Winter 2022,"New York, NY, USA",B2B,AI
Lightly,Help ML teams label the right data,https://lightly.ai/,5.0,Summer 2021,"Zürich, ZH, Switzerland",B2B,Machine Learning; Data Labeling
Blaze,Global Venmo for cross border payments,https://blaze.money,5.0,Summer 2024,"Mexico City, CDMX, Mexico; Remote",Fintech,Fintech; Crypto / Web3; Payments; Finance; Travel
Upsolve AI,Embed GenBI in Your SaaS App,https://upsolve.ai/,5.0,Winter 2024,,B2B,Artificial Intelligence; Developer Tools; B2B; Analytics; Big Data
Morph,Models that improve coding agents,https://morphllm.com,5.0,Summer 2023,"San Francisco, CA, USA",B2B,Artificial Intelligence; Developer Tools; Generative AI; API; AI
VideoGen,AI that can create and edit professional videos,https://videogen.io,5.0,Summer 2024,,B2B,
JustAI,A modern workflow for lifecycle marketing,https://getjust.ai,5.0,Winter 2024,"San Francisco, CA, USA",B2B,Artificial Intelligence; Reinforcement Learning; Workflow Automation; Personalization; Marketing
